Place,Name,Division,Equipment,Event,BirthDate,BirthYear,Sex,BodyweightKg,WeightClassKg,Squat1Kg,Squat2Kg,Squat3Kg,Best3SquatKg,Bench1Kg,Bench2Kg,Bench3Kg,Best3BenchKg,Deadlift1Kg,Deadlift2Kg,Deadlift3Kg,Best3DeadliftKg,TotalKg
DQ,Mayleen Holder,Sub-Juniors,Raw,SBD,,2007,F,42.4,43,80,85,90,90,-47.5,-47.5,-47.5,,80,85,90,90,
1,Lucie Chansard,Sub-Juniors,Raw,SBD,,2007,F,46.57,47,85,90,95,95,-47.5,50,-52.5,50,125,-132.5,132.5,132.5,277.5
2,Romane Massiot,Sub-Juniors,Raw,SBD,,2006,F,45.51,47,87.5,92.5,95,95,45,47.5,-50,47.5,-97.5,97.5,-102.5,97.5,240
DQ,Elsa Chaudier,Sub-Juniors,Raw,SBD,,2006,F,47,47,80,-90,92.5,92.5,-55,-55,-55,,,,,,
1,Cassandre Olivier,Sub-Juniors,Raw,SBD,,2007,F,50.89,52,123,128,-130,128,75,80.5,83,83,140.5,149.5,153.5,153.5,364.5
2,Mathilde Bras,Sub-Juniors,Raw,SBD,,2006,F,51.8,52,120,125,130,130,65,70,-72.5,70,135,145,150,150,350
3,Pauline Varnerot,Sub-Juniors,Raw,SBD,,2006,F,51.31,52,127.5,132.5,-135.5,132.5,60,62.5,-65,62.5,142.5,147.5,-152.5,147.5,342.5
4,Maïwenn Gloaguen,Sub-Juniors,Raw,SBD,,2006,F,51.33,52,95,-105,107.5,107.5,50,55,-60,55,130,143,-154,143,305.5
5,Candice Bourgeois,Sub-Juniors,Raw,SBD,,2006,F,50.79,52,-90,92.5,-100,92.5,47.5,-52.5,-52.5,47.5,132.5,137.5,142.5,142.5,282.5
6,Clara Lif,Sub-Juniors,Raw,SBD,,2007,F,50.77,52,92.5,97.5,-100,97.5,55,-60,-60,55,110,-117.5,-120,110,262.5
7,Tennessee Levy,Sub-Juniors,Raw,SBD,,2006,F,50.99,52,87.5,95,97.5,97.5,42.5,-47.5,47.5,47.5,110,117.5,-125,117.5,262.5
8,Yolen Da Silva,Sub-Juniors,Raw,SBD,,2006,F,51.9,52,-82.5,87.5,95,95,45,-50,50,50,-105,112.5,117.5,117.5,262.5
9,Lou Guillou,Sub-Juniors,Raw,SBD,,2006,F,51.48,52,90,100,-102.5,100,45,50,-52.5,50,100,102.5,110,110,260
10,Marina Maniable,Sub-Juniors,Raw,SBD,,2006,F,50.79,52,95,100,-110,100,47.5,55,-60,55,92.5,105,-112.5,105,260
1,Erine Paquin,Sub-Juniors,Raw,SBD,,2008,F,53.95,57,115,120,125,125,65,70,-72.5,70,127.5,132.5,137.5,137.5,332.5
2,Camille Jeuland,Sub-Juniors,Raw,SBD,,2006,F,55.6,57,102.5,-110,110,110,62.5,67.5,-70,67.5,132.5,140,-145,140,317.5
3,Maeva Vu Van,Sub-Juniors,Raw,SBD,,2007,F,55.13,57,100,112.5,120,120,55,60,-65,60,115,125,132.5,132.5,312.5
4,Céleste Bayet,Sub-Juniors,Raw,SBD,,2006,F,55.07,57,110,-117.5,117.5,117.5,45,-50,-50,45,130,140,-147.5,140,302.5
5,Manon Delrieu,Sub-Juniors,Raw,SBD,,2006,F,53.84,57,92.5,100,105,105,-40,42.5,47.5,47.5,95,105,112.5,112.5,265
6,Chloé Mace,Sub-Juniors,Raw,SBD,,2006,F,54.82,57,87.5,-92.5,92.5,92.5,57.5,-62.5,-62.5,57.5,90,-95,95,95,245
DQ,Lucie Andrieu,Sub-Juniors,Raw,SBD,,2007,F,55.65,57,-97.5,97.5,-102.5,97.5,-50,-52.5,-52.5,,-115,-115,-115,,
1,Maëlle Litha,Sub-Juniors,Raw,SBD,,2006,F,62.1,63,130,140,-147.5,140,65,70,75,75,-155,-155,155,155,370
2,Hava Demirel,Sub-Juniors,Raw,SBD,,2008,F,62.69,63,125,130,-132.5,130,-72.5,-75,75,75,152.5,160,-167.5,160,365
3,Héloïse Labaune,Sub-Juniors,Raw,SBD,,2006,F,61.5,63,117.5,125,-130,125,60,65,70,70,135,145,155,155,350
4,Eliza Grandcoin,Sub-Juniors,Raw,SBD,,2007,F,62.06,63,125,-135,135,135,70,-75,-75,70,125,-135,-135,125,330
5,Adelia Perez,Sub-Juniors,Raw,SBD,,2006,F,57.97,63,125,135,-137.5,135,50,-57.5,-60,50,-130,135,140,140,325
6,Jade Sanchez,Sub-Juniors,Raw,SBD,,2006,F,61.21,63,-105,105,115,115,52.5,-57.5,57.5,57.5,140,152.5,-160,152.5,325
7,Chloe Innecco,Sub-Juniors,Raw,SBD,,2006,F,60.73,63,-117.5,117.5,-125,117.5,57.5,-62.5,-62.5,57.5,135,145,-152.5,145,320
8,Manon Bonnel,Sub-Juniors,Raw,SBD,,2007,F,61.08,63,107.5,115,122.5,122.5,45,50,52.5,52.5,132.5,142.5,-147.5,142.5,317.5
9,Emily Vanacore,Sub-Juniors,Raw,SBD,,2006,F,61.63,63,110,-115,-115,110,60,-65,-65,60,-130,135,145,145,315
10,Lisy Jacquier,Sub-Juniors,Raw,SBD,,2006,F,61.91,63,100,112.5,-117.5,112.5,55,60,-65,60,120,135,-142.5,135,307.5
11,Lou-Anne Cordier,Sub-Juniors,Raw,SBD,,2007,F,60.42,63,105,-112.5,112.5,112.5,-55,55,57.5,57.5,130,137.5,-145,137.5,307.5
12,Ella Colard,Sub-Juniors,Raw,SBD,,2006,F,61.09,63,90,97.5,105,105,50,55,-57.5,55,120,130,140,140,300
13,Zoe Toumi Pelloux,Sub-Juniors,Raw,SBD,,2007,F,61.68,63,105,-112.5,115,115,-42.5,45,47.5,47.5,130,-142.5,-147.5,130,292.5
14,Orane Coruble-Delorme,Sub-Juniors,Raw,SBD,,2006,F,61.81,63,92.5,100,105,105,50,-55,-55,50,110,120,-130,120,275
15,Camille Wintenberger,Sub-Juniors,Raw,SBD,,2006,F,59.77,63,95,-102.5,102.5,102.5,42.5,-47.5,47.5,47.5,110,120,-127.5,120,270
16,Inès Lescaudron,Sub-Juniors,Raw,SBD,,2006,F,60.94,63,92.5,97.5,102.5,102.5,45,-50,-50,45,110,115,120,120,267.5
17,Gwendoline Cluzeau,Sub-Juniors,Raw,SBD,,2006,F,61.59,63,85,92.5,-95,92.5,45,47.5,-50,47.5,100,107.5,112.5,112.5,252.5
DQ,Marie Massimi,Sub-Juniors,Raw,SBD,,2006,F,61.94,63,-137.5,-137.5,137.5,137.5,-62.5,62.5,-65,62.5,-135,-135,-135,,
G,Mar Ensenat Grillet,Sub-Juniors,Raw,SBD,,2007,F,59.85,63,107.5,112.5,117.5,117.5,62.5,-67.5,67.5,67.5,107.5,112.5,117.5,117.5,302.5
1,Elise Bouvier,Sub-Juniors,Raw,SBD,,2006,F,67.87,69,152.5,160.5,-163,160.5,-78.5,78.5,82.5,82.5,162.5,172.5,-176,172.5,415.5
2,Alice Jacquemin-Lorriaux,Sub-Juniors,Raw,SBD,,2006,F,67.67,69,130,137.5,-145,137.5,60,65,-67.5,65,137.5,150,160,160,362.5
3,Louise Delecour,Sub-Juniors,Raw,SBD,,2006,F,68.18,69,137.5,145,147.5,147.5,-67.5,72.5,75,75,140,-150,-150,140,362.5
4,Maelle Noleau,Sub-Juniors,Raw,SBD,,2008,F,66.48,69,120,130,-137.5,130,67.5,72.5,-77.5,72.5,150,160,-165,160,362.5
5,Ines Muller,Sub-Juniors,Raw,SBD,,2006,F,67.1,69,-120,120,132.5,132.5,62.5,67.5,-70,67.5,140,150,-160,150,350
6,Emma Deglise,Sub-Juniors,Raw,SBD,,2007,F,65.93,69,107.5,115,120,120,57.5,62.5,-65,62.5,130,140,150,150,332.5
7,Leina Tazammourt,Sub-Juniors,Raw,SBD,,2007,F,63.91,69,87.5,95,-100,95,57.5,62.5,67.5,67.5,140,150,160,160,322.5
8,Clara Barbier,Sub-Juniors,Raw,SBD,,2007,F,68.54,69,110,115,-117.5,115,55,60,-62.5,60,130,140,-142.5,140,315
9,Zelie Everaere,Sub-Juniors,Raw,SBD,,2007,F,66.43,69,115,-122.5,122.5,122.5,-47.5,47.5,52.5,52.5,117.5,122.5,127.5,127.5,302.5
10,Clémence Navarro,Sub-Juniors,Raw,SBD,,2009,F,68.76,69,90,95,-100,95,45,50,-55,50,90,100,-110,100,245
1,Agathe Turbé,Sub-Juniors,Raw,SBD,,2006,F,73,76,140,147.5,150.5,150.5,77.5,82.5,83,83,175,185,-187,185,418.5
2,Enora Peinaud Medard,Sub-Juniors,Raw,SBD,,2008,F,75.03,76,145,-150,-150,145,70,72.5,75,75,147.5,155,160,160,380
3,Emilie Coment,Sub-Juniors,Raw,SBD,,2007,F,75.65,76,130,137.5,142.5,142.5,67.5,72.5,-77.5,72.5,-150,150,-167.5,150,365
4,Audrey Jouanet,Sub-Juniors,Raw,SBD,,2006,F,75.67,76,120,-127.5,-127.5,120,55,60,-65,60,150.5,160,-185.5,160,340
5,Lisa Navel,Sub-Juniors,Raw,SBD,,2007,F,70.81,76,90,100,105,105,55,-60,-60,55,127.5,137.5,150,150,310
6,Anna Weil,Sub-Juniors,Raw,SBD,,2007,F,74.57,76,107.5,115,-122.5,115,-45,45,50,50,120,130,140,140,305
7,Emma Kelle,Sub-Juniors,Raw,SBD,,2009,F,83.1,84,110,115,120,120,70,-75,-75,70,120,128,135,135,325
1,Allan Duong Dinh Hy,Sub-Juniors,Raw,SBD,,2007,M,52.69,53,136,143,148,148,83,88,-93,88,201.5,215,235,235,471
2,Nathan Lamiot,Sub-Juniors,Raw,SBD,,2007,M,52.05,53,132.5,138,-143.5,138,85,88.5,-90.5,88.5,192.5,197.5,-200,197.5,424
1,Kenzo Thiburce,Sub-Juniors,Raw,SBD,,2006,M,58.43,59,167.5,-176,-178,167.5,100,105,-107.5,105,230,-240,-240,230,502.5
2,Kilian Furcas,Sub-Juniors,Raw,SBD,,2006,M,59,59,130,140,147.5,147.5,95,102.5,-105,102.5,190,200,210,210,460
3,Teo Cren,Sub-Juniors,Raw,SBD,,2006,M,58.45,59,140,145,-152.5,145,102.5,107.5,112.5,112.5,-190,200,-205,200,457.5
4,Jad Ouasli Petitjean,Sub-Juniors,Raw,SBD,,2007,M,58.74,59,152.5,160,-165,160,113,-118,-118,113,170,180,-185,180,453
5,Galaad Vivot,Sub-Juniors,Raw,SBD,,2006,M,58.84,59,167.5,-175.5,-177.5,167.5,95,-102.5,-105,95,180,-190,-190,180,442.5
6,Evann Juin,Sub-Juniors,Raw,SBD,,2006,M,58.42,59,137.5,145,147.5,147.5,85,-90,90,90,192.5,202.5,-212.5,202.5,440
7,Walid Asakak,Sub-Juniors,Raw,SBD,,2006,M,58.61,59,150,160,170,170,75,80,-87.5,80,170,-190,-190,170,420
8,Amin Borg,Sub-Juniors,Raw,SBD,,2006,M,58.54,59,135,142.5,147.5,147.5,72.5,77.5,-82.5,77.5,175,187.5,-200,187.5,412.5
9,Lucas Cheylan,Sub-Juniors,Raw,SBD,,2006,M,58.36,59,142.5,152.5,160,160,72.5,-77.5,77.5,77.5,170,-187.5,-187.5,170,407.5
10,Jules Beaurin,Sub-Juniors,Raw,SBD,,2007,M,56.23,59,127.5,135,142.5,142.5,87.5,92.5,-95,92.5,145,155,-165,155,390
11,Antoine Bourne,Sub-Juniors,Raw,SBD,,2007,M,58.93,59,120,125,130,130,80,85,-87.5,85,150,155,-160,155,370
12,Sullivan Hans,Sub-Juniors,Raw,SBD,,2006,M,56.73,59,125,-132.5,-137.5,125,65,-75,-75,65,160,170,175,175,365
1,Etienne Gautier,Sub-Juniors,Raw,SBD,,2006,M,65.67,66,197.5,205.5,215.5,215.5,112.5,117.5,120,120,195,215,-222.5,215,550.5
2,Ludovic Harmand,Sub-Juniors,Raw,SBD,,2006,M,64.68,66,182.5,-195,195,195,107.5,112.5,-115,112.5,190,200,207.5,207.5,515
3,Theo Duthu,Sub-Juniors,Raw,SBD,,2006,M,65.93,66,-180,180,-190,180,110,115,-120,115,205,-210,210,210,505
4,Jocelyn Cheruel,Sub-Juniors,Raw,SBD,,2006,M,65.43,66,-175,175,180,180,-97.5,100,102.5,102.5,205,217.5,-222.5,217.5,500
5,Corentin Vannson,Sub-Juniors,Raw,SBD,,2006,M,65.16,66,137.5,-147.5,155,155,105,112.5,-117.5,112.5,195,210,220,220,487.5
6,Ibrahim Djeraoui,Sub-Juniors,Raw,SBD,,2006,M,65.28,66,-145,145,155,155,97.5,102.5,105,105,190,217.5,222.5,222.5,482.5
7,Estevan Kramczynski,Sub-Juniors,Raw,SBD,,2008,M,64.32,66,172.5,-177.5,-177.5,172.5,90,-95,-95,90,195,205,210,210,472.5
8,Thomas Golse,Sub-Juniors,Raw,SBD,,2007,M,65,66,150,157.5,165,165,92.5,100,-105,100,192.5,200,205,205,470
9,Nathan Faivre,Sub-Juniors,Raw,SBD,,2007,M,65.2,66,155,165,-172.5,165,-95,-100,100,100,185,200,-205,200,465
10,Maxime Dicuonzo,Sub-Juniors,Raw,SBD,,2008,M,65.08,66,155,162.5,167.5,167.5,105,-110,-110,105,165,177.5,190,190,462.5
11,Ernest Lempereur,Sub-Juniors,Raw,SBD,,2006,M,64.46,66,-142.5,-152.5,152.5,152.5,92.5,100,-110,100,195,207.5,-220,207.5,460
12,Maxym Boccaletti,Sub-Juniors,Raw,SBD,,2006,M,63.91,66,152.5,157.5,-160,157.5,87.5,90,95,95,-185,195,205,205,457.5
13,Dari Hamadouche,Sub-Juniors,Raw,SBD,,2006,M,65.33,66,145,152.5,-157.5,152.5,102.5,-107.5,107.5,107.5,160,175,192.5,192.5,452.5
14,Valentin Mandrillon,Sub-Juniors,Raw,SBD,,2006,M,64.46,66,160,167.5,170,170,90,-95,-95,90,182.5,-192.5,192.5,192.5,452.5
15,Jim Pellerin,Sub-Juniors,Raw,SBD,,2009,M,65.58,66,135,145,152.5,152.5,-100,100,-105,100,-180,192.5,-202.5,192.5,445
16,Léo Parailloux,Sub-Juniors,Raw,SBD,,2007,M,64.82,66,-150,150,162.5,162.5,-92.5,97.5,-100,97.5,177.5,-187.5,-190,177.5,437.5
17,Alexandre Ulpat,Sub-Juniors,Raw,SBD,,2006,M,65.73,66,137.5,-145,145,145,92.5,97.5,-100,97.5,182.5,195,-207.5,195,437.5
18,Théo Delbes,Sub-Juniors,Raw,SBD,,2006,M,64.96,66,-152.5,-152.5,152.5,152.5,75,85,-90,85,180,192.5,-205,192.5,430
19,Matheo Barral,Sub-Juniors,Raw,SBD,,2007,M,65.28,66,145,-150,-150,145,85,87.5,-90,87.5,190,-200,-202.5,190,422.5
20,Mylan Terminet,Sub-Juniors,Raw,SBD,,2006,M,65.97,66,135,145,152.5,152.5,80,-87.5,-87.5,80,75,,,75,307.5
DQ,Ethan Favier,Sub-Juniors,Raw,SBD,,2007,M,64.77,66,150,157.5,162.5,162.5,90,-95,-95,90,-205,-205,-205,,
1,Zachary Al-Attiya,Sub-Juniors,Raw,SBD,,2006,M,72.96,74,205,215,222.5,222.5,120,125,130,130,245,260,273,273,625.5
2,Kevan Bataille,Sub-Juniors,Raw,SBD,,2006,M,73.45,74,190,200,207.5,207.5,125,132.5,135,135,-235,252.5,-272.5,252.5,595
3,Pierre-Alexandre Capizzo Celeste,Sub-Juniors,Raw,SBD,,2006,M,71.06,74,180,192.5,197.5,197.5,110,115,-117.5,115,-220,220,235,235,547.5
4,Thomas Briseux,Sub-Juniors,Raw,SBD,,2006,M,73.43,74,170,177.5,182.5,182.5,97.5,102.5,-107.5,102.5,-235,235,250,250,535
5,Hugo Piot,Sub-Juniors,Raw,SBD,,2006,M,73.74,74,175,185,192.5,192.5,105,110,112.5,112.5,212.5,230,-237.5,230,535
6,Maxence Moragny,Sub-Juniors,Raw,SBD,,2006,M,73.13,74,167.5,177.5,185,185,117.5,122.5,127.5,127.5,202.5,212.5,-220,212.5,525
7,Julien Blondeau,Sub-Juniors,Raw,SBD,,2006,M,73.22,74,-170,177.5,185,185,100,105,-110,105,220,232.5,-240,232.5,522.5
8,Matvei Elmakov,Sub-Juniors,Raw,SBD,,2006,M,70.72,74,152.5,162.5,170,170,112.5,117.5,-120,117.5,210,222.5,230,230,517.5
9,Noam Zaddam,Sub-Juniors,Raw,SBD,,2006,M,72.67,74,165,177.5,185,185,105,112.5,117.5,117.5,200,212.5,-222.5,212.5,515
10,Augustin Rota,Sub-Juniors,Raw,SBD,,2006,M,73.64,74,-170,170,-187.5,170,-122.5,122.5,-137.5,122.5,210,220,-227.5,220,512.5
11,Axel Torres,Sub-Juniors,Raw,SBD,,2006,M,73.11,74,175,185,-192.5,185,120,-125,-125,120,190,202.5,-212.5,202.5,507.5
12,Willy Rachez,Sub-Juniors,Raw,SBD,,2006,M,73.2,74,170,172.5,182.5,182.5,122.5,-127.5,-127.5,122.5,-195,-195,200,200,505
13,Matei Ionita,Sub-Juniors,Raw,SBD,,2006,M,69.67,74,167.5,-177.5,-177.5,167.5,-112.5,-115,115,115,-220,220,-237.5,220,502.5
14,Louis Boisdron,Sub-Juniors,Raw,SBD,,2007,M,73.04,74,187.5,-197.5,-197.5,187.5,102.5,107.5,-112.5,107.5,187.5,200,-210,200,495
15,Yuma Cuvellier,Sub-Juniors,Raw,SBD,,2006,M,73.39,74,155,165,170,170,-102.5,-102.5,102.5,102.5,190,205,210,210,482.5
16,Mané Trébuchet,Sub-Juniors,Raw,SBD,,2006,M,73.41,74,145,155,165,165,107.5,117.5,-125,117.5,190,200,-210,200,482.5
17,Adam Lehiani,Sub-Juniors,Raw,SBD,,2006,M,71.68,74,-160,160,-175,160,107.5,-112.5,-112.5,107.5,200,-210,,200,467.5
18,Andrea Baccou,Sub-Juniors,Raw,SBD,,2006,M,72.73,74,75,,,75,110,115,-120,115,190,205,215,215,405
DQ,Romain Minaud,Sub-Juniors,Raw,SBD,,2006,M,74,74,180,192.5,200,200,-112.5,-112.5,-112.5,,-225,,,,
G,Pedro Alexandre Martinho Correia,Sub-Juniors,Raw,SBD,,2006,M,72.61,74,185,195,-200,195,107.5,115,-117.5,115,272.5,285,300,300,610
1,Mathieu Boyer,Sub-Juniors,Raw,SBD,,2006,M,82.49,83,212.5,227.5,-235,227.5,-140,140,145,145,250,260,-272.5,260,632.5
2,Alexandre Touahri,Sub-Juniors,Raw,SBD,,2007,M,80.59,83,195,207.5,215,215,135,145,150,150,220,240,250,250,615
3,Lemmy Lara Carrasco,Sub-Juniors,Raw,SBD,,2006,M,80.64,83,220,227.5,-235,227.5,120,127.5,130,130,220,232.5,237.5,237.5,595
4,Théo Pinaud,Sub-Juniors,Raw,SBD,,2006,M,81.09,83,-205,-210,210,210,115,-120,-120,115,240,250,-272.5,250,575
5,Mel Toualbia,Sub-Juniors,Raw,SBD,,2006,M,80.75,83,-225,225,-235,225,105,-110,-110,105,-240,-240,240,240,570
6,Théo Jarrot,Sub-Juniors,Raw,SBD,,2006,M,81.82,83,190,200,-210,200,112.5,117.5,-122.5,117.5,230,245,-260,245,562.5
7,Lucas Loiodice,Sub-Juniors,Raw,SBD,,2006,M,82.75,83,-210,210,220,220,120,127.5,130,130,200,-207.5,-207.5,200,550
8,Robin Basile,Sub-Juniors,Raw,SBD,,2006,M,82.22,83,180,190,-200,190,-125,125,-130,125,210,220,227.5,227.5,542.5
9,Samy Hanine,Sub-Juniors,Raw,SBD,,2007,M,82.14,83,175,190,-202.5,190,107.5,112.5,-115,112.5,220,232.5,-247.5,232.5,535
10,Louka Pinault,Sub-Juniors,Raw,SBD,,2007,M,81.95,83,182.5,195,-202.5,195,107.5,115,-120,115,205,-220,220,220,530
DQ,William Litt,Sub-Juniors,Raw,SBD,,2007,M,82.29,83,235,-242.5,-242.5,235,-132.5,-132.5,-132.5,,-200,220,242.5,242.5,
1,Samuel Galhaut,Sub-Juniors,Raw,SBD,,2006,M,90.61,93,230,245,255,255,132.5,137.5,-140,137.5,280,295,307.5,307.5,700
2,Victor Violette,Sub-Juniors,Raw,SBD,,2006,M,88.01,93,230,240,250,250,142.5,147.5,-152.5,147.5,250,262.5,-275,262.5,660
3,Valentin Piller,Sub-Juniors,Raw,SBD,,2006,M,88.28,93,210,215,-220,215,122.5,127.5,-132.5,127.5,250,257.5,265,265,607.5
4,Chayan Lamolie,Sub-Juniors,Raw,SBD,,2006,M,91.55,93,197.5,210,212.5,212.5,125,-130,130,130,215,-227.5,227.5,227.5,570
5,Preston Seck,Sub-Juniors,Raw,SBD,,2006,M,85.72,93,165,180,187.5,187.5,112.5,122.5,-125,122.5,230,245,255,255,565
6,Raphaël Augier,Sub-Juniors,Raw,SBD,,2006,M,88.7,93,162.5,172.5,185,185,122.5,-127.5,127.5,127.5,215,230,240,240,552.5
G,Mohammed Lamine Traore,Sub-Juniors,Raw,SBD,,2007,M,89.61,93,200,-215,215,215,-142.5,147.5,155,155,250,265,280,280,650
G,Clay Andre,Sub-Juniors,Raw,SBD,,2006,M,83.23,93,200,207.5,-212.5,207.5,137.5,142.5,-150,142.5,230,240,255,255,605
1,Flavio Gageiro,Sub-Juniors,Raw,SBD,,2006,M,102.06,105,220,235,-237.5,235,145,155,160,160,245,265,-270,265,660
2,Thomas Lakomy,Sub-Juniors,Raw,SBD,,2006,M,96.26,105,210,225,235,235,132.5,142.5,147.5,147.5,-227.5,240,250,250,632.5
3,Artus Trouiller,Sub-Juniors,Raw,SBD,,2006,M,103.02,105,230,245,-257.5,245,132.5,-137.5,137.5,137.5,-195,210,220,220,602.5
4,Henry Gecht,Sub-Juniors,Raw,SBD,,2006,M,104.2,105,197.5,210,-212.5,210,100,110,112.5,112.5,235,245,-252.5,245,567.5
5,Mateo Philippe,Sub-Juniors,Raw,SBD,,2006,M,100.8,105,175,190,195,195,112.5,117.5,-122.5,117.5,200,210,220,220,532.5
1,Quentin Le Turc,Sub-Juniors,Raw,SBD,,2006,M,111.21,120,260,-275,-275,260,145,-152.5,-155,145,235,245,-260,245,650
1,Eloïse Bastien,Juniors,Raw,SBD,,2002,F,42.2,43,85,93,93.5,93.5,55,60,61,61,100,110,-115.5,110,264.5
2,Kelly Bastos,Juniors,Raw,SBD,,2002,F,42.4,43,70,75,77.5,77.5,42.5,-45,-45,42.5,85,-92.5,92.5,92.5,212.5
1,Mathilde Casanova,Juniors,Raw,SBD,,2002,F,46.86,47,110,117.5,122.5,122.5,70,72.5,-75,72.5,145,150,155,155,350
2,Maëvane Stellato,Juniors,Raw,SBD,,2001,F,46.44,47,107.5,-112.5,112.5,112.5,50,55,57.5,57.5,155,165,173,173,343
3,Lara Pissochet,Juniors,Raw,SBD,,2004,F,46.64,47,122.5,127.5,130,130,55,60,-62.5,60,142.5,150,-155,150,340
4,Camille Delorme,Juniors,Raw,SBD,,2003,F,46.99,47,115,122.5,-130,122.5,57.5,62.5,65,65,120,132.5,140,140,327.5
5,Tiffanie Mazzetti,Juniors,Raw,SBD,,2002,F,46.18,47,100,102.5,107.5,107.5,57.5,62.5,-65,62.5,132.5,137.5,140,140,310
6,Coraline Choinet,Juniors,Raw,SBD,,2001,F,46.85,47,102.5,110,115,115,62.5,65,-67.5,65,120,130,-140,130,310
7,Emilie Matteodo,Juniors,Raw,SBD,,2004,F,46.6,47,115,122.5,127.5,127.5,45,-50,50,50,-120,130,-140,130,307.5
8,Johanna Sanjuan,Juniors,Raw,SBD,,2003,F,46.3,47,105,110,115,115,50,55,-57.5,55,125,130,135,135,305
9,Lola Carneiro,Juniors,Raw,SBD,,2001,F,46.5,47,110,117.5,-120,117.5,42.5,45,-47.5,45,125,132.5,-137.5,132.5,295
10,Flavie Trinquart,Juniors,Raw,SBD,,2002,F,45.58,47,100,-107.5,-107.5,100,52.5,-57.5,-57.5,52.5,115,122.5,-130,122.5,275
11,Manon Pouchard,Juniors,Raw,SBD,,2002,F,45.37,47,-87.5,-92.5,92.5,92.5,45,-50,-50,45,112.5,117.5,122.5,122.5,260
12,Manon Truaud,Juniors,Raw,SBD,,2005,F,45.85,47,85,90,-92.5,90,40,45,-47.5,45,110,117.5,-122.5,117.5,252.5
13,Mélina Coimet,Juniors,Raw,SBD,,2001,F,45.6,47,80,-85,-85,80,52.5,-55,-55,52.5,105,110,112.5,112.5,245
1,Inès Herbaux,Juniors,Raw,SBD,,2003,F,51.79,52,135,140,145,145,85,-90,-90,85,142.5,150,157.5,157.5,387.5
2,Mathilde Petit,Juniors,Raw,SBD,,2003,F,51.94,52,130,137.5,-142.5,137.5,77.5,-80,-80,77.5,160,167.5,-175,167.5,382.5
3,Lya Martel,Juniors,Raw,SBD,,2003,F,51.34,52,132.5,-137.5,137.5,137.5,70,-75,-75,70,155,162.5,-180,162.5,370
4,Manon Gasquy,Juniors,Raw,SBD,,2004,F,51.52,52,130,135,-137.5,135,65,70,-72.5,70,147.5,155,-160,155,360
5,Chloé Landa,Juniors,Raw,SBD,,2004,F,51.52,52,-132.5,-132.5,132.5,132.5,67.5,72.5,75,75,130,137.5,140,140,347.5
6,Laura David,Juniors,Raw,SBD,,2005,F,51.49,52,110,117.5,122.5,122.5,80,82.5,-85,82.5,125,132.5,140,140,345
7,Louise Bienvenu,Juniors,Raw,SBD,,2004,F,50.89,52,117.5,125,130,130,57.5,-62.5,62.5,62.5,142.5,150,-160,150,342.5
8,Océane Borca,Juniors,Raw,SBD,,2004,F,50.92,52,117.5,125,130,130,-52.5,52.5,55,55,142.5,150,-155,150,335
9,Lea Duquenne,Juniors,Raw,SBD,,2001,F,51.99,52,-115,115,-122.5,115,57.5,-60,-60,57.5,160,-165,-165,160,332.5
10,Juliette Riviere,Juniors,Raw,SBD,,2004,F,51.53,52,107.5,112.5,117.5,117.5,72.5,77.5,80,80,122.5,-130,130,130,327.5
11,Penelope Vignette,Juniors,Raw,SBD,,2003,F,51.7,52,115,-122.5,122.5,122.5,-57.5,57.5,-62.5,57.5,137.5,145,-150,145,325
12,Célia Nauroy,Juniors,Raw,SBD,,2002,F,51.84,52,105,110,-115,110,60,65,-70,65,135,142.5,150,150,325
13,Maële Geslin,Juniors,Raw,SBD,,2001,F,51.26,52,105,112.5,117.5,117.5,55,60,62.5,62.5,125,135,142.5,142.5,322.5
14,Lisa Van Hulle,Juniors,Raw,SBD,,2002,F,50.3,52,100,107.5,110,110,57.5,60,-62.5,60,132.5,140,147.5,147.5,317.5
15,Lilou Graye,Juniors,Raw,SBD,,2005,F,51.06,52,115,117.5,-122.5,117.5,60,-65,-65,60,130,140,-145,140,317.5
16,Anvelika Ripault,Juniors,Raw,SBD,,2005,F,51.61,52,110,117.5,-120,117.5,60,-62.5,62.5,62.5,125,137.5,-147.5,137.5,317.5
17,Emilie Basterre,Juniors,Raw,SBD,,2002,F,51.22,52,107.5,115,117.5,117.5,55,60,-65,60,-132.5,132.5,137.5,137.5,315
18,Ines Riviere,Juniors,Raw,SBD,,2003,F,51.41,52,95,100,105,105,65,-70,-70,65,125,135,145,145,315
19,Margaux Chapin,Juniors,Raw,SBD,,2001,F,51.87,52,102.5,110,112.5,112.5,57.5,-60,-60,57.5,142.5,-150,-150,142.5,312.5
20,Amélie Turpin,Juniors,Raw,SBD,,2004,F,51.94,52,112.5,120,-125,120,60,-65,-65,60,122.5,127.5,132.5,132.5,312.5
21,Oceane Guérin,Juniors,Raw,SBD,,2005,F,51.76,52,112.5,117.5,120,120,45,-50,-50,45,140,-145,-145,140,305
22,Jeanne Vanstraseelle,Juniors,Raw,SBD,,2003,F,51.46,52,100,102.5,110,110,52.5,-57.5,-57.5,52.5,117.5,125,-132.5,125,287.5
DQ,Chloe Bernardin,Juniors,Raw,SBD,,2005,F,51.88,52,110,115,-120,115,-57.5,-57.5,-57.5,,155,-165,-167.5,155,
1,Eva Infantino,Juniors,Raw,SBD,,2003,F,56.15,57,140,145,150,150,82.5,87.5,90,90,170,177.5,185,185,425
2,Maina Girard,Juniors,Raw,SBD,,2003,F,57,57,-140,145,-152.5,145,-90,-95,95,95,167.5,175,-185,175,415
3,Chloé Saulnier,Juniors,Raw,SBD,,2001,F,56.6,57,130,137.5,145,145,72.5,77.5,-80,77.5,145,155,162.5,162.5,385
4,Chloé Cuesta-Roé,Juniors,Raw,SBD,,2002,F,56.78,57,135,140,142.5,142.5,72.5,75,-77.5,75,157.5,165,-172.5,165,382.5
5,Océane Jacouton,Juniors,Raw,SBD,,2003,F,56.81,57,127.5,132.5,-135,132.5,80,85,87.5,87.5,155,162.5,-167.5,162.5,382.5
6,Pauline Sauvage,Juniors,Raw,SBD,,2004,F,56.95,57,-127.5,127.5,-135,127.5,77.5,-82.5,82.5,82.5,-167.5,172.5,-175,172.5,382.5
7,Maëlyn Schultz,Juniors,Raw,SBD,,2004,F,56.25,57,130,140,147.5,147.5,60,65,67.5,67.5,145,155,-162.5,155,370
8,Ludivine Bertazzon,Juniors,Raw,SBD,,2002,F,57,57,132.5,-145,-145,132.5,72.5,-77.5,-77.5,72.5,-145,155,162.5,162.5,367.5
9,Clara Galard,Juniors,Raw,SBD,,2002,F,56.33,57,-135,-135,135,135,62.5,67.5,-70,67.5,145,-155,160,160,362.5
10,Koumba Camara,Juniors,Raw,SBD,,2003,F,57,57,117.5,-125,125,125,67.5,70,-72.5,70,157.5,167.5,-172.5,167.5,362.5
11,Lisa Goll,Juniors,Raw,SBD,,2001,F,56.92,57,115,120,-125,120,70,-75,-75,70,155,162.5,-167.5,162.5,352.5
12,Elisa Boira,Juniors,Raw,SBD,,2001,F,56.34,57,125,132.5,-135,132.5,62.5,67.5,-72.5,67.5,142.5,147.5,-152.5,147.5,347.5
13,Lorine Terre,Juniors,Raw,SBD,,2004,F,56.8,57,117.5,-120,-122.5,117.5,-62.5,62.5,,62.5,165,-170,-170,165,345
14,Lola Mas,Juniors,Raw,SBD,,2002,F,56.69,57,120,125,130,130,57.5,62.5,-65,62.5,150,-157.5,-157.5,150,342.5
15,Juliane Thenaud,Juniors,Raw,SBD,,2003,F,55.76,57,110,117.5,-125,117.5,57.5,62.5,65,65,137.5,145,155,155,337.5
16,Alice Buchet,Juniors,Raw,SBD,,2004,F,56.29,57,100,107.5,112.5,112.5,62.5,-70,70,70,140,150,155,155,337.5
17,Emma Poulailleau,Juniors,Raw,SBD,,2003,F,56.43,57,-125,127.5,132.5,132.5,-60,62.5,-67.5,62.5,132.5,137.5,-145,137.5,332.5
1,Jade Jacob,Juniors,Raw,SBD,,2001,F,58.16,63,170,180,185,185,90,95,-100,95,216.5,226,232,232,512
2,Anne-Laure Thomassin,Juniors,Raw,SBD,,2003,F,62.29,63,160,167.5,172.5,172.5,-92.5,-92.5,92.5,92.5,180,192.5,-202.5,192.5,457.5
3,Justine Micheletti,Juniors,Raw,SBD,,2001,F,62.03,63,157.5,165,172.5,172.5,77.5,82.5,-85,82.5,180,190,200,200,455
4,Marine Peltret,Juniors,Raw,SBD,,2002,F,62,63,-132.5,132.5,140,140,-95,100,102.5,102.5,162.5,170,175,175,417.5
5,Sarah Duret,Juniors,Raw,SBD,,2003,F,60.76,63,140,145,152.5,152.5,85,90,-95,90,160,167.5,172.5,172.5,415
6,Constance Ghys,Juniors,Raw,SBD,,2002,F,60.9,63,142.5,150,155,155,77.5,82.5,-87.5,82.5,160,170,-177.5,170,407.5
7,Maeva Collin,Juniors,Raw,SBD,,2003,F,61.6,63,130,135,-140,135,77.5,-80,-80,77.5,175,182.5,-187.5,182.5,395
8,Jeanne Lhertere,Juniors,Raw,SBD,,2004,F,62.52,63,142.5,150,-152.5,150,82.5,87.5,-90,87.5,142.5,150,-155,150,387.5
9,Morgane Gamblin,Juniors,Raw,SBD,,2005,F,62.69,63,132.5,142.5,-147.5,142.5,75,80,-82.5,80,152.5,162.5,-170,162.5,385
10,Clélia Roussel,Juniors,Raw,SBD,,2002,F,62.39,63,-135,140,145,145,60,65,-70,65,145,160,170,170,380
11,Clemence Garcia,Juniors,Raw,SBD,,2005,F,62.73,63,135,142.5,-150,142.5,-67.5,70,72.5,72.5,152.5,165,-175,165,380
12,Clara Popoff,Juniors,Raw,SBD,,2003,F,57.95,63,125,132.5,137.5,137.5,60,65,67.5,67.5,162.5,172.5,-185,172.5,377.5
13,Lucine Bethune,Juniors,Raw,SBD,,2001,F,61.56,63,120,127.5,135,135,60,65,70,70,150,160,170,170,375
14,Salome Pages,Juniors,Raw,SBD,,2001,F,61.87,63,147.5,-155,-155,147.5,-62.5,65,-70,65,150,157.5,162.5,162.5,375
15,Justine Loyer,Juniors,Raw,SBD,,2001,F,62.61,63,132.5,-140,140,140,75,-80,-82.5,75,137.5,147.5,155,155,370
16,Ambre Astruc,Juniors,Raw,SBD,,2004,F,62.76,63,135,140,-145,140,70,75,-77.5,75,155,-165,-170,155,370
17,Marie Montarry,Juniors,Raw,SBD,,2001,F,61.24,63,137.5,145,-150,145,-60,60,-67.5,60,157.5,162.5,-170,162.5,367.5
18,Zoé Gourlia,Juniors,Raw,SBD,,2001,F,61.93,63,120,127.5,-132.5,127.5,67.5,70,-72.5,70,155,170,-180,170,367.5
19,Carole-Anne Guillien,Juniors,Raw,SBD,,2001,F,60.81,63,117.5,125,132.5,132.5,67.5,72.5,-75,72.5,150,160,-165,160,365
20,Alice Mayringer,Juniors,Raw,SBD,,2002,F,62.39,63,-130,130,-135,130,70,75,-77.5,75,145,152.5,157.5,157.5,362.5
21,Maurine Laugel,Juniors,Raw,SBD,,2001,F,62.03,63,117.5,125,-130,125,75,-80,80,80,150,-160,-160,150,355
22,Carla Drouet,Juniors,Raw,SBD,,2003,F,61.86,63,127.5,132.5,-137.5,132.5,57.5,62.5,-67.5,62.5,155,-165,-165,155,350
DQ,Lucie Tendron,Juniors,Raw,SBD,,2003,F,61.37,63,-132.5,-137.5,-137.5,,-75,75,-80,75,155,162.5,170,170,
DQ,Lorna Remy,Juniors,Raw,SBD,,2001,F,61.67,63,-157.5,160,-165,160,-87.5,-87.5,-87.5,,175,185,192.5,192.5,
1,Andorina Bouchoux,Juniors,Raw,SBD,,2002,F,68.51,69,187.5,195,-200.5,195,105,110,-112.5,110,210,220,-227.5,220,525
2,Elizisa Joncour,Juniors,Raw,SBD,,2003,F,68.47,69,150,157.5,-165,157.5,87.5,92.5,-97.5,92.5,172.5,-182.5,-185,172.5,422.5
3,Alice Fourcade,Juniors,Raw,SBD,,2002,F,65.38,69,142.5,147.5,150,150,72.5,77.5,-80,77.5,162.5,175,185,185,412.5
4,Yolenne Kinsonnier,Juniors,Raw,SBD,,2003,F,68.14,69,155,162.5,-165,162.5,70,75,-77.5,75,170,175,-182.5,175,412.5
5,Yasmine Meziani,Juniors,Raw,SBD,,2002,F,67.1,69,142.5,152.5,160,160,65,70,,70,157.5,170,-175,170,400
6,Emma Rey,Juniors,Raw,SBD,,2003,F,67.21,69,140,145,-150,145,-80,80,-85,80,165,175,-180,175,400
7,Candyce Boucard,Juniors,Raw,SBD,,2002,F,67.81,69,135,145,152.5,152.5,65,-70,-70,65,170,182.5,-185,182.5,400
8,Cynthia Giraud,Juniors,Raw,SBD,,2001,F,68.38,69,125,132.5,140,140,72.5,77.5,80,80,150,160,167.5,167.5,387.5
9,Anaïs Archambaud,Juniors,Raw,SBD,,2001,F,66.94,69,145,-150,-150,145,67.5,72.5,-77.5,72.5,155,165,-172.5,165,382.5
10,Majdouline Bellanger,Juniors,Raw,SBD,,2001,F,68.04,69,135,140,-145,140,65,67.5,-70,67.5,175,-180,-180,175,382.5
11,Aliénor Berenger,Juniors,Raw,SBD,,2001,F,68.6,69,130,137.5,145,145,85,87.5,,87.5,140,150,-155,150,382.5
12,Marie-Heloise Legault,Juniors,Raw,SBD,,2001,F,65.2,69,120,130,140,140,57.5,60,-62.5,60,160,170,180,180,380
13,Chiara Niobey,Juniors,Raw,SBD,,2004,F,65.92,69,-130,130,135,135,-72.5,-72.5,72.5,72.5,160,170,-180,170,377.5
14,Cloe Labile,Juniors,Raw,SBD,,2003,F,68.48,69,125,-130,130,130,75,80,85,85,147.5,155,160,160,375
15,Lucille Dubourg,Juniors,Raw,SBD,,2001,F,67.28,69,130,137.5,-142.5,137.5,67.5,-72.5,72.5,72.5,150,160,-165,160,370
16,Laura Cauhapé-Ferté,Juniors,Raw,SBD,,2001,F,68.31,69,-135,135,-142.5,135,72.5,77.5,-80,77.5,150,-160,-165,150,362.5
17,Emma Raulin,Juniors,Raw,SBD,,2002,F,66.47,69,115,-125,-125,115,72.5,80,-82.5,80,147.5,157.5,165,165,360
18,Clara Capraro,Juniors,Raw,SBD,,2003,F,68.97,69,125,137.5,142.5,142.5,70,-77.5,-77.5,70,145,-147.5,-147.5,145,357.5
19,Elisa Lauruol,Juniors,Raw,SBD,,2002,F,67.42,69,125,-132.5,132.5,132.5,77.5,82.5,-85,82.5,130,137.5,140,140,355
DQ,Sarah Daval,Juniors,Raw,SBD,,2003,F,68.14,69,135,142.5,-147.5,142.5,80,-85,-85,80,,,,,
1,Clara Peyraud,Juniors,Raw,SBD,,2002,F,73.42,76,167.5,177.5,185,185,112.5,117.5,122.5,122.5,215,230.5,242.5,242.5,550
2,Emma Machwate,Juniors,Raw,SBD,,2002,F,74.84,76,162.5,172.5,-177.5,172.5,75,80,-82.5,80,190,200,205,205,457.5
3,Florine Tourenne,Juniors,Raw,SBD,,2001,F,75.22,76,152.5,160,165,165,97.5,-102.5,102.5,102.5,175,190,-195,190,457.5
4,Louly Cavalier,Juniors,Raw,SBD,,2003,F,75.65,76,-160,167.5,177.5,177.5,85,92.5,-95,92.5,165,175,-190,175,445
5,Maguelone Lefer,Juniors,Raw,SBD,,2003,F,75.16,76,140,147.5,-152.5,147.5,80,-82.5,82.5,82.5,170,180,190,190,420
6,Agnès Camenen,Juniors,Raw,SBD,,2002,F,74.1,76,140,150,155,155,-65,70,-72.5,70,172.5,185,-195,185,410
7,Léna Chapuis,Juniors,Raw,SBD,,2003,F,71.01,76,135,142.5,-150,142.5,-100,105,-107.5,105,140,155,-165,155,402.5
8,Cécile Mercier,Juniors,Raw,SBD,,2003,F,73.99,76,140,150,-160,150,70,-75,-75,70,150,170,180,180,400
9,Zelie Ako,Juniors,Raw,SBD,,2004,F,72.54,76,132.5,140,-145,140,80,85,-87.5,85,157.5,167.5,-175,167.5,392.5
10,Bénédicte Tambone,Juniors,Raw,SBD,,2002,F,74.09,76,-145,145,150,150,70,-72.5,-72.5,70,157.5,165,-170,165,385
11,Clotilde Girard,Juniors,Raw,SBD,,2001,F,74.96,76,120,127.5,132.5,132.5,70,75,-80,75,145,162.5,-175,162.5,370
12,Anne-Claire Girault,Juniors,Raw,SBD,,2001,F,72.65,76,130,-132.5,-142.5,130,-70,70,-72.5,70,145,-160,-160,145,345
1,Emilie Mouchet,Juniors,Raw,SBD,,2002,F,81.86,84,-185,-185,185,185,105,110,115,115,175,185,-190,185,485
2,Oceane Dolez,Juniors,Raw,SBD,,2003,F,82.73,84,145,152.5,160,160,75,-77.5,-77.5,75,180,195,200.5,200.5,435.5
3,Mélina Behava,Juniors,Raw,SBD,,2001,F,82.03,84,135,142.5,150,150,90,-95,-95,90,167.5,182.5,190,190,430
1,Margot Wattel,Juniors,Raw,SBD,,2002,F,106.68,84+,155,162.5,167.5,167.5,80,85,-90,85,165,175,-182.5,175,427.5
DQ,Aziliz Poulen,Juniors,Raw,SBD,,2004,F,103,84+,-172.5,-172.5,-172.5,,-77.5,77.5,-82.5,77.5,170,180,-185,180,
DQ,Elodie Gomulinski,Juniors,Raw,SBD,,2002,F,154.25,84+,-170,-170,-170,,80,85,-90,85,142.5,-155,-155,142.5,
1,Noah Guillemet,Juniors,Raw,SBD,,2003,M,52.16,53,130,137.5,-142.5,137.5,95,-100,-100,95,-157.5,162.5,172.5,172.5,405
DQ,Gaspard Moulin,Juniors,Raw,SBD,,2002,M,52.1,53,125,-137.5,137.5,137.5,85,92.5,-100,92.5,-160,-172.5,-175,,
1,Valentin Dupuy-Noel,Juniors,Raw,SBD,,2005,M,57.95,59,170,172.5,182.5,182.5,115,120,-125,120,231,245,250.5,250.5,553
2,Youssef Seffar,Juniors,Raw,SBD,,2004,M,58.92,59,170,177.5,185,185,115,122.5,-127.5,122.5,190,205,220,220,527.5
3,Louis Piretti,Juniors,Raw,SBD,,2003,M,58.72,59,177.5,182.5,185,185,107.5,112.5,115,115,215,222.5,225,225,525
4,Sylvain Nguyen Van Sang,Juniors,Raw,SBD,,2001,M,58.29,59,185,-192.5,-192.5,185,125,-127.5,-127.5,125,200,212.5,-217.5,212.5,522.5
5,Eddy Derras,Juniors,Raw,SBD,,2001,M,58.8,59,175,187.5,190,190,110,117.5,122.5,122.5,-200,205,-222.5,205,517.5
6,Ugo Senouillet,Juniors,Raw,SBD,,2005,M,58.69,59,160,170,-177.5,170,-110,110,115,115,215,230,-242.5,230,515
7,Nathan Caillaud,Juniors,Raw,SBD,,2003,M,58.75,59,160,167.5,172.5,172.5,100,105,-110,105,205,215,222.5,222.5,500
8,Giovanni Cortesi,Juniors,Raw,SBD,,2003,M,58.68,59,157.5,165,170,170,120,-125,-125,120,190,200,-207.5,200,490
9,Thomas Ferrat,Juniors,Raw,SBD,,2005,M,58.93,59,155,165,-175,165,95,105,-110,105,-192.5,200,-210,200,470
10,Alexandre Demoulin,Juniors,Raw,SBD,,2005,M,59,59,-160,160,-170,160,112.5,117.5,-122.5,117.5,-170,180,185,185,462.5
11,Gabriel Billet,Juniors,Raw,SBD,,2003,M,58.67,59,142.5,150,-152.5,150,100,102.5,-105,102.5,187.5,197.5,-202.5,197.5,450
1,Léoluca Bruzzese,Juniors,Raw,SBD,,2004,M,65.49,66,210,215,-220,215,130,135,137.5,137.5,265,277.5,-288,277.5,630
2,Noah Nativel,Juniors,Raw,SBD,,2001,M,65.67,66,202.5,205,215,215,135,142.5,145,145,222.5,235,-250,235,595
3,Allan Planchenault,Juniors,Raw,SBD,,2002,M,65.3,66,185,195,200,200,120,-125,-125,120,260,-270,270,270,590
4,Mattéo Ricou,Juniors,Raw,SBD,,2002,M,65.12,66,187.5,-200,202.5,202.5,125,132.5,-137.5,132.5,235,245,-255,245,580
5,Sacha Cialdella,Juniors,Raw,SBD,,2005,M,65.3,66,205,212.5,-220,212.5,125,132.5,-140,132.5,210,222.5,235,235,580
6,Hugo Dufly,Juniors,Raw,SBD,,2001,M,65.56,66,210,220,227.5,227.5,110,117.5,-122.5,117.5,220,-235,-235,220,565
7,Issam Zaaraoui,Juniors,Raw,SBD,,2002,M,65.59,66,195,-202.5,-202.5,195,-115,117.5,-120,117.5,245,-255,-267.5,245,557.5
8,Luca Del Prado,Juniors,Raw,SBD,,2001,M,65.59,66,180,190,200,200,97.5,105,107.5,107.5,245,-260,-260,245,552.5
9,Leo Petit,Juniors,Raw,SBD,,2001,M,65.16,66,190,200,-205,200,-117.5,120,-122.5,120,205,-220,222.5,222.5,542.5
10,Quentin Sauvage,Juniors,Raw,SBD,,2004,M,65.32,66,-180,180,192.5,192.5,117.5,122.5,125,125,210,222.5,-232.5,222.5,540
DQ,Alexandre Labesse,Juniors,Raw,SBD,,2001,M,65.89,66,-205,205,220,220,-145,-145,-145,,,,,,
DQ,Arthur Hauet,Juniors,Raw,SBD,,2001,M,65.94,66,-192.5,197.5,202.5,202.5,145,150,-152.5,150,-220,-220,-230,,
G,Hoang Long Van,Juniors,Raw,SBD,,2002,M,65.82,66,190,202.5,212.5,212.5,97.5,-102.5,102.5,102.5,220,237.5,-250,237.5,552.5
G,Tiago Rafael Martinho Correia,Juniors,Raw,SBD,,2004,M,65.89,66,170,-180,180,180,105,-115,-115,105,215,235,245,245,530
1,Sheridan Denis,Juniors,Raw,SBD,,2002,M,73.7,74,235,250,-255,250,145,150,152.5,152.5,270,-290,290,290,692.5
2,Yann Puget,Juniors,Raw,SBD,,2001,M,73.65,74,245,-255,255,255,152.5,155,-160,155,267.5,-280,-280,267.5,677.5
3,Samuel Cohen #1,Juniors,Raw,SBD,,2005,M,73.4,74,212.5,222.5,230,230,155,162.5,-165,162.5,245,257.5,267.5,267.5,660
4,Alexandre Simon,Juniors,Raw,SBD,,2001,M,73.7,74,227.5,242.5,250,250,130,-135,-135,130,262.5,280,-287.5,280,660
5,Hector Pasquet,Juniors,Raw,SBD,,2001,M,73.71,74,225,237.5,-242.5,237.5,140,145,-147.5,145,252.5,265,270,270,652.5
6,Jules Geoffroy,Juniors,Raw,SBD,,2002,M,74,74,-225,225,-227.5,225,137.5,-142.5,142.5,142.5,272.5,285,-295,285,652.5
7,Bank Meas,Juniors,Raw,SBD,,2001,M,73.45,74,212.5,230,237.5,237.5,145,152.5,157.5,157.5,235,250,255,255,650
8,Arthur Bris,Juniors,Raw,SBD,,2002,M,74,74,217.5,227.5,235,235,150,157.5,160,160,240,252.5,-267.5,252.5,647.5
9,Noa Nigaut,Juniors,Raw,SBD,,2005,M,73.28,74,-215,220,232.5,232.5,-132.5,132.5,-135,132.5,250,270,-280,270,635
10,Emeric Stuyck,Juniors,Raw,SBD,,2001,M,73.37,74,195,205,217.5,217.5,115,122.5,-130,122.5,250,270,290,290,630
11,Lucien Desrousseaux,Juniors,Raw,SBD,,2003,M,73.72,74,220,235,237.5,237.5,140,147.5,-150,147.5,245,-255,-255,245,630
12,Corentin Laout,Juniors,Raw,SBD,,2001,M,72.39,74,197.5,210,-217.5,210,135,145,-150,145,235,252.5,270,270,625
13,Pierig Servouze,Juniors,Raw,SBD,,2001,M,73.98,74,-235,235,-237.5,235,-135,-135,135,135,245,252.5,-260,252.5,622.5
14,Antoine Astric,Juniors,Raw,SBD,,2004,M,73.17,74,-237.5,247.5,-258.5,247.5,115,117.5,-120,117.5,245,255,-260,255,620
15,Enzo Crepet,Juniors,Raw,SBD,,2005,M,72.47,74,200,215,-222.5,215,115,122.5,130,130,245,260,270,270,615
16,Frédéric Grobs,Juniors,Raw,SBD,,2003,M,73.65,74,197.5,205,210,210,130,135,-140,135,270,-285,-300,270,615
17,Ethan Sensi,Juniors,Raw,SBD,,2005,M,73.33,74,205,215,-225,215,-152.5,-152.5,152.5,152.5,230,245,-252.5,245,612.5
18,Enzo Legrand,Juniors,Raw,SBD,,2002,M,73.3,74,-215,220,230,230,120,125,-127.5,125,255,-270,-270,255,610
19,Arthur Chauveau,Juniors,Raw,SBD,,2003,M,73.7,74,-207.5,212.5,220,220,127.5,135,-137.5,135,245,255,-262.5,255,610
20,Lucien Lorgeau,Juniors,Raw,SBD,,2001,M,73.95,74,192.5,205,210,210,140,150,-152.5,150,225,240,250,250,610
21,Théo Ducharme,Juniors,Raw,SBD,,2003,M,73.68,74,207.5,215,-220,215,-147.5,147.5,-160,147.5,230,245,-260,245,607.5
22,Louis Felix,Juniors,Raw,SBD,,2004,M,73.52,74,190,202.5,-207.5,202.5,127.5,137.5,-140,137.5,-245,265,-280,265,605
23,Marvin Boucher,Juniors,Raw,SBD,,2004,M,74,74,-215,215,-217.5,215,140,147.5,-155,147.5,242.5,-252.5,-252.5,242.5,605
24,Jimmy Dusseval,Juniors,Raw,SBD,,2001,M,72.87,74,-207.5,207.5,217.5,217.5,122.5,-125,-125,122.5,245,260,-265,260,600
DQ,Sébastien Buisson,Juniors,Raw,SBD,,2001,M,73.95,74,225,232.5,-237.5,232.5,127.5,-135,135,135,-255,,,,
1,Thomas Czaplicki,Juniors,Raw,SBD,,2001,M,81.94,83,250,260,270,270,160,167.5,170,170,292.5,315,321.5,321.5,761.5
2,Lucas Klein,Juniors,Raw,SBD,,2001,M,81.34,83,257.5,272.5,-283.5,272.5,182.5,190,-197.5,190,275,290,-300,290,752.5
3,Célian Olivier,Juniors,Raw,SBD,,2005,M,82.55,83,255,267.5,275,275,157.5,165,-170,165,265,277.5,295,295,735
4,Calixte Eygonnet,Juniors,Raw,SBD,,2002,M,81.77,83,250,-257.5,257.5,257.5,152.5,160,-165,160,305,315,-317.5,315,732.5
5,Khaled Benbachir,Juniors,Raw,SBD,,2001,M,82.36,83,220,240,250,250,170,177.5,182.5,182.5,260,282.5,-302.5,282.5,715
6,Carl Etiemble,Juniors,Raw,SBD,,2003,M,82.76,83,242.5,250,255,255,147.5,157.5,-162.5,157.5,280,295,-305,295,707.5
7,Adam Daoudi,Juniors,Raw,SBD,,2005,M,80.25,83,250,260,262.5,262.5,-132.5,137.5,-142.5,137.5,265,285,300,300,700
8,Mathis Ducret,Juniors,Raw,SBD,,2001,M,82.63,83,225,237.5,242.5,242.5,160,167.5,-172.5,167.5,275,290,-300,290,700
9,Melvyn Bataillie,Juniors,Raw,SBD,,2001,M,81.93,83,225,240,-245,240,155,-165,-165,155,290,-305,-305,290,685
10,Oscar Lécuyer,Juniors,Raw,SBD,,2005,M,81.05,83,232.5,-242.5,247.5,247.5,147.5,152.5,-157.5,152.5,265,280,-290,280,680
11,Jean-Raphaël Pinet,Juniors,Raw,SBD,,2002,M,82.11,83,217.5,-230,237.5,237.5,145,155,160,160,252.5,267.5,275,275,672.5
12,Louis Alexandre,Juniors,Raw,SBD,,2003,M,82.83,83,237.5,247.5,-252.5,247.5,140,150,-155,150,240,260,275,275,672.5
13,Kévin Lagos,Juniors,Raw,SBD,,2001,M,82.58,83,-230,230,240,240,147.5,-157.5,157.5,157.5,-245,260,270,270,667.5
14,Mathias Juteau,Juniors,Raw,SBD,,2003,M,82.12,83,215,225,235,235,130,135,137.5,137.5,265,290,-300,290,662.5
15,Issam Si Ali,Juniors,Raw,SBD,,2001,M,82.27,83,225,232.5,237.5,237.5,155,-160,160,160,240,255,262.5,262.5,660
16,Joyce Du,Juniors,Raw,SBD,,2003,M,82.71,83,245,255,-265,255,142.5,147.5,155,155,237.5,-247.5,250,250,660
17,Paul Antoine,Juniors,Raw,SBD,,2003,M,79.92,83,232.5,242.5,-247.5,242.5,147.5,155,-160,155,-250,260,-270,260,657.5
18,Clément Ponton,Juniors,Raw,SBD,,2001,M,81.74,83,210,220,-235,220,145,155,-162.5,155,250,-252.5,280,280,655
19,Justin Samson,Juniors,Raw,SBD,,2002,M,81.61,83,215,230,-245,230,130,137.5,-142.5,137.5,260,280,-290,280,647.5
20,Louis Alzaix,Juniors,Raw,SBD,,2001,M,81.96,83,215,222.5,-225,222.5,147.5,152.5,-157.5,152.5,257.5,270,-275,270,645
21,Morgan Mascaro,Juniors,Raw,SBD,,2001,M,82.55,83,-222.5,222.5,230,230,-160,160,165,165,245,-260,-260,245,640
22,Matéo Tuquet,Juniors,Raw,SBD,,2003,M,82.72,83,-215,-215,215,215,150,155,-160,155,240,260,-270,260,630
23,Léon Guichard,Juniors,Raw,SBD,,2001,M,82.7,83,212.5,222.5,-230,222.5,132.5,140,-145,140,-252.5,-262.5,262.5,262.5,625
24,Benjamin Coutodier,Juniors,Raw,SBD,,2002,M,81.44,83,220,230,-235,230,120,135,145,145,-180,180,200,200,575
1,Richmond Baiden,Juniors,Raw,SBD,,2001,M,92.77,93,290,-300,-300,290,190,197.5,200,200,290,312.5,-330,312.5,802.5
2,Louis Debarge,Juniors,Raw,SBD,,2001,M,90.35,93,240,250,255,255,155,165,-170,165,280,297.5,305,305,725
3,Arthur Duval,Juniors,Raw,SBD,,2001,M,90.06,93,240,255,262.5,262.5,180,187.5,-192.5,187.5,255,265,-275,265,715
4,Ayrton Mottet,Juniors,Raw,SBD,,2003,M,91.59,93,250,260,-270,260,160,-165,,160,270,290,-305,290,710
5,Mani Messoussa,Juniors,Raw,SBD,,2005,M,91.42,93,235,245,-252.5,245,170,-175,-175,170,250,265,275,275,690
6,Stephen Genevez,Juniors,Raw,SBD,,2002,M,92.36,93,250,-262.5,265,265,142.5,150,-152.5,150,270,-285,-285,270,685
7,Lucas Jolly,Juniors,Raw,SBD,,2003,M,92.83,93,250,262.5,-267.5,262.5,155,-160,-160,155,-265,-265,265,265,682.5
8,Raphaël Leroy,Juniors,Raw,SBD,,2004,M,92.63,93,237.5,252.5,260,260,-147.5,147.5,155,155,265,-285,-285,265,680
9,Roman Cojean,Juniors,Raw,SBD,,2003,M,90.51,93,-230,-230,230,230,145,147.5,-150,147.5,290,300,-305,300,677.5
10,Ismael Guillaumie,Juniors,Raw,SBD,,2004,M,90.88,93,-252.5,252.5,-262.5,252.5,152.5,157.5,160,160,265,-282.5,,265,677.5
11,Luigi Damiani,Juniors,Raw,SBD,,2003,M,91.65,93,225,235,-240,235,-157.5,157.5,-160,157.5,260,280,-285,280,672.5
12,Tom Gouttebel,Juniors,Raw,SBD,,2005,M,92.3,93,225,235,240,240,-155,155,157.5,157.5,265,-280,-280,265,662.5
13,Ethan Buffard,Juniors,Raw,SBD,,2001,M,90.63,93,-220,220,-222.5,220,147.5,-155,-155,147.5,270,290,-297.5,290,657.5
14,Rémi Chareyron,Juniors,Raw,SBD,,2003,M,92.13,93,217.5,225,232.5,232.5,145,-152.5,-155,145,275,-282.5,-282.5,275,652.5
15,Kelyan Morvan,Juniors,Raw,SBD,,2003,M,91.16,93,-225,-225,225,225,150,155,-160,155,240,255,265,265,645
16,Christan Pounoussamy,Juniors,Raw,SBD,,2002,M,86.49,93,-237.5,237.5,-242.5,237.5,140,142.5,-150,142.5,260,-270,-270,260,640
17,Alexandre Barsanti,Juniors,Raw,SBD,,2001,M,91.91,93,220,230,240,240,180,-185,-185,180,220,-240,-240,220,640
18,Erwan Tabutin,Juniors,Raw,SBD,,2001,M,92.7,93,235,-250,-252.5,235,140,145,-150,145,-245,255,-270,255,635
DQ,Safwan Trabelsi,Juniors,Raw,SBD,,2002,M,91.65,93,-235,-240,-240,,140,145,147.5,147.5,-300,-320,-332.5,,
DQ,Bruno Insalaco,Juniors,Raw,SBD,,2001,M,91.78,93,235,245,-255,245,-160,-160,-160,,260,-280,-290,260,
DQ,Paco Castillo,Juniors,Raw,SBD,,2002,M,92.27,93,-285,295,300,300,-185,-185,-185,,,,,,
DQ,Malik Bernoussi Triolet,Juniors,Raw,SBD,,2004,M,92.37,93,265,-280,280,280,-220,-220,-220,,260,275,-290,275,
1,Alan Baron,Juniors,Raw,SBD,,2003,M,104.24,105,280,292.5,300,300,190,197.5,-202.5,197.5,275,-277.5,305,305,802.5
2,Oren Jean-Baptiste,Juniors,Raw,SBD,,2001,M,101.69,105,255,267.5,277.5,277.5,175,185,-190,185,310,325,-340,325,787.5
3,Matéo Constant,Juniors,Raw,SBD,,2001,M,104.21,105,-255,-255,280,280,170,180,-185,180,255,295,-300,295,755
4,Sami Chaabani,Juniors,Raw,SBD,,2003,M,99.82,105,257.5,270,-280,270,172.5,180,182.5,182.5,275,-290,-302.5,275,727.5
5,Leon Treins,Juniors,Raw,SBD,,2001,M,104.74,105,255,267.5,272.5,272.5,147.5,-152.5,-152.5,147.5,292.5,-305,-305,292.5,712.5
6,Lucas Prunier,Juniors,Raw,SBD,,2003,M,104.72,105,250,-255,,250,-150,150,152.5,152.5,280,-300,-300,280,682.5
DQ,Loïc Colombeau,Juniors,Raw,SBD,,2002,M,104.77,105,260,270,275,275,160,167.5,-172.5,167.5,-300,-330,-330,,
1,Thomas Roulland,Juniors,Raw,SBD,,2002,M,119.92,120,255,270,280,280,175,-185,-185,175,290,305,-315,305,760
2,Eric Roux,Juniors,Raw,SBD,,2001,M,119.92,120,310,-331,-331,310,160,165,-167.5,165,255,270,-285,270,745
3,Logan Charbonnier,Juniors,Raw,SBD,,2001,M,116.36,120,235,250,257.5,257.5,180,-187.5,187.5,187.5,270,285,-292.5,285,730
4,Benoit Soares,Juniors,Raw,SBD,,2001,M,117.31,120,230,245,255,255,170,177.5,185,185,255,-270,-270,255,695
5,Ilias Cheniki,Juniors,Raw,SBD,,2004,M,117.47,120,-250,-250,250,250,150,155,-157.5,155,270,282.5,-292.5,282.5,687.5
1,Mehdi Bekkhaled,Juniors,Raw,SBD,,2004,M,141.48,120+,240,260,280,280,-180,180,-200,180,275,300,-312.5,300,760
