Place,Name,BirthDate,Sex,BirthYear,Equipment,Division,BodyweightKg,WeightClassKg,Squat1Kg,Squat2Kg,Squat3Kg,Best3SquatKg,Bench1Kg,Bench2Kg,Bench3Kg,Best3BenchKg,Deadlift1Kg,Deadlift2Kg,Deadlift3Kg,Best3DeadliftKg,TotalKg,Event
1,Hannia Gicel Can Canul,,F,2004,Raw,Juniors,56.2,57,80,87.5,-100,87.5,35,40,45,45,85,95,105,105,237.5,SBD
2,Briana Cecilia Pat Chan,,F,2006,Raw,Juniors,55.7,57,77.5,87.5,-95,87.5,27.5,32.5,-37.5,32.5,82.5,92.5,100,100,220,SBD
1,Regina Del Carmen Criollo Brito,,F,2006,Raw,Juniors,59.5,63,65,75,85,85,-25,27.5,30,30,75,82.5,87.5,87.5,202.5,SBD
2,Luz Ángela Díaz Caudillo,,F,2005,Raw,Juniors,59.2,63,57.5,65,70,70,30,35,-37.5,35,67.5,75,82.5,82.5,187.5,SBD
1,Aidmig Anaí Lira Sosa,,F,2006,Raw,Juniors,69,69,-100,100,-110,100,40,42.5,-45,42.5,-100,-107.5,107.5,107.5,250,SBD
1,Brenda Paulina Magaña Cen,,F,2001,Raw,Open,52,52,85,-92.5,92.5,92.5,32.5,35,-40,35,100,105,110,110,237.5,SBD
1,Jessica Cruz Gómez,,F,1992,Raw,Open,57,57,-80,90,-100,90,35,40,42.5,42.5,85,95,105,105,237.5,SBD
1,Julissa Judit Arjona Quintal,,F,2001,Raw,Open,62,63,125,132.5,140,140,40,50,60,60,120,130,140,140,340,SBD
DQ,Aixa Ramírez Ontiveros,,F,1992,Raw,Open,62.5,63,-85,-85,-85,,40,45,50,50,95,105,120,120,,SBD
1,María José Pérez Ceja,,F,2002,Raw,Open,67.1,69,-115,117.5,-122.5,117.5,-65,65,-70,65,125,132.5,137.5,137.5,320,SBD
2,Andrea Judith González Villordo,,F,2001,Raw,Open,65.4,69,80,-97.5,100,100,-45,-50,55,55,100,120,-135,120,275,SBD
1,Mariafernanda Couoh Ramírez,,F,1999,Raw,Open,83.3,84,115,122.5,132.5,132.5,65,70,75,75,-155,155,-165,155,362.5,SBD
1,María José Quintal Tah,,F,2000,Raw,Open,131.8,84+,105,110,-120,110,62.5,65,-67.5,65,120,132.5,140,140,315,SBD
1,Naomy Yoselin López Nah,,F,2009,Raw,Sub-Juniors,62.3,63,100,107.5,112.5,112.5,47.5,52.5,-60,52.5,105,115,122.5,122.5,287.5,SBD
1,Rafael Santiago Ake Girón,,M,2005,Raw,Juniors,47.2,53,-105,105,-115,105,80,90,-102.5,90,110,120,130,130,325,SBD
1,Luis Marcelo Bojorquez Perez,,M,2007,Raw,Juniors,58.35,59,130,135,142.5,142.5,70,80,-82.5,80,-165,180,190,190,412.5,SBD
2,Jesus Angel Rodriguez Ku,,M,2005,Raw,Juniors,57.7,59,150,160,170,170,105,110,115,115,105,115,125,125,410,SBD
3,Paul Iván Rosales Campos,,M,2005,Raw,Juniors,58.7,59,-105,-105,105,105,55,60,-65,60,150,160,-170,160,325,SBD
1,David Alejandro Polanco López,,M,2003,Raw,Juniors,65.8,66,-185,185,200,200,110,115,-120,115,177.5,-185,-185,177.5,492.5,SBD
2,Angel Fernando Lopez Concha,,M,2006,Raw,Juniors,65,66,-170,170,182.5,182.5,95,105,107.5,107.5,165,175,192.5,192.5,482.5,SBD
3,Mauricio Alejandro Couoh Pech,,M,2006,Raw,Juniors,64.4,66,155,162.5,-170,162.5,85,95,-100,95,175,190,-200,190,447.5,SBD
4,José Luis Puc Moo,,M,2003,Raw,Juniors,65.75,66,137.5,152.5,160,160,90,-100,-110,90,165,175,185,185,435,SBD
1,Alejandro Manuel Flores Vera,,M,2006,Raw,Juniors,72.7,74,170,190,205,205,110,122.5,130,130,180,200,210,210,545,SBD
2,William Urías Sosa,,M,2005,Raw,Juniors,73.85,74,140,155,-170,155,107.5,115,120,120,150,180,200,200,475,SBD
3,Gael Yosef Hau Barrera,,M,2007,Raw,Juniors,71.35,74,-175,-180,180,180,77.5,87.5,-95,87.5,172.5,182.5,-212.5,182.5,450,SBD
4,Emir Jamit Ordaz Catzin,,M,2006,Raw,Juniors,72.4,74,100,110,125,125,55,-62.5,-62.5,55,115,125,135,135,315,SBD
1,Christopher Uriel Kuk,,M,2006,Raw,Juniors,80.9,83,170,190,210,210,125,137.5,145,145,200,220,240,240,595,SBD
2,Dilmar Jared Navarro Olmedo,,M,2003,Raw,Juniors,81.45,83,170,177.5,187.5,187.5,100,110,115,115,-180,180,190,190,492.5,SBD
3,Zahyt Alejandro Pool Kuk,,M,2005,Raw,Juniors,82.95,83,-180,-180,180,180,97.5,100,107.5,107.5,-177.5,177.5,190,190,477.5,SBD
4,Alberto Israel Barroso López,,M,2006,Raw,Juniors,77.75,83,105,115,-125,115,65,72.5,-80,72.5,140,152.5,160,160,347.5,SBD
1,Jehu Magdiel Pinzon Canto,,M,2004,Raw,Juniors,92.8,93,140,-152.5,155,155,85,95,-105,95,140,152.5,165,165,415,SBD
1,Gaspar Emmanuel Catzin Canche,,M,2006,Raw,Juniors,103.4,105,140,-150,150,150,-75,82.5,92.5,92.5,150,170,190,190,432.5,SBD
1,Jesús Francisco Cervera Ladino,,M,2006,Raw,Juniors,122.3,120+,190,-205,205,205,145,152.5,160,160,210,235,-250,235,600,SBD
1,Miguel Angel Canche Uitz,,M,2002,Raw,Open,64.8,66,165,172.5,190,190,100,120,130,130,160,190,-210,190,510,SBD
1,Luis David de Jesús Canul Díaz,,M,1999,Raw,Open,82.55,83,-150,150,155,155,85,92.5,-100,92.5,185,195,-210,195,442.5,SBD
1,Amir Oswaldo Canto Palomo,,M,1989,Raw,Open,90.75,93,100,112.5,125,125,90,95,-97.5,95,145,160,182.5,182.5,402.5,SBD
2,Eduardo Arceo González,,M,2001,Raw,Open,84.75,93,110,122.5,135,135,90,100,110,110,130,140,155,155,400,SBD
1,Gabriel Alberto Vicinaiz Hú,,M,1999,Raw,Open,102.5,105,210,232.5,-245,232.5,130,142.5,155,155,200,220,-245,220,607.5,SBD
1,Efrain De Jesus Montalvo Dominguez,,M,1997,Raw,Open,127.2,120+,210,220,-225,220,125,135,142.5,142.5,200,215,230,230,592.5,SBD
1,Saul De Jesus Tzab Cante,,M,2008,Raw,Sub-Juniors,52,53,100,112.5,120,120,75,80,82.5,82.5,120,135,142.5,142.5,345,SBD
1,Emilio Alejandro Núñez Zaldívar,,M,2008,Raw,Sub-Juniors,86.7,93,180,-195,-195,180,90,102.5,115,115,180,195,210,210,505,SBD
2,Angel Yahir Díaz González,,M,2010,Raw,Sub-Juniors,87.2,93,115,135,157.5,157.5,65,77.5,82.5,82.5,155,172.5,190,190,430,SBD